{
  "current_epoch": 3,
  "global_step": 15,
  "best_metric": 1.6051945090293884,
  "best_epoch": 2,
  "train_metrics": {
    "loss": [
      1.605341386795044,
      1.604179286956787,
      1.6043067932128907
    ],
    "epoch_time": [
      0.02394843101501465,
      0.026104450225830078,
      0.02205038070678711
    ]
  },
  "val_metrics": {
    "loss": [
      1.6059457659721375,
      1.6060733199119568,
      1.6051945090293884
    ],
    "epoch_time": [
      0.003038644790649414,
      0.0039005279541015625,
      0.0027022361755371094
    ]
  },
  "patience_counter": 0,
  "should_stop": false,
  "lr_history": []
}