{
  "current_epoch": 3,
  "global_step": 15,
  "best_metric": 1.6232478022575378,
  "best_epoch": 0,
  "train_metrics": {
    "loss": [
      1.6252901554107666,
      1.617574644088745,
      1.6107605218887329
    ],
    "epoch_time": [
      0.011477470397949219,
      0.008073806762695312,
      0.008199453353881836
    ]
  },
  "val_metrics": {
    "loss": [
      1.6232478022575378,
      1.625226616859436,
      1.6286911368370056
    ],
    "epoch_time": [
      0.0009267330169677734,
      0.0009055137634277344,
      0.0008561611175537109
    ]
  },
  "patience_counter": 2,
  "should_stop": false,
  "lr_history": []
}