{
  "current_epoch": 2,
  "global_step": 14,
  "best_metric": 3127.0521240234375,
  "best_epoch": 1,
  "train_metrics": {
    "loss": [
      3655.386893136161,
      3200.399588448661
    ],
    "recon_loss": [
      3617.475272042411,
      3171.1676897321427
    ],
    "kl_loss": [
      37.91163090297154,
      29.231839316231863
    ],
    "epoch_time": [
      0.23112034797668457,
      0.21861934661865234
    ]
  },
  "val_metrics": {
    "loss": [
      3327.87646484375,
      3127.0521240234375
    ],
    "recon_loss": [
      3294.005859375,
      3114.554443359375
    ],
    "kl_loss": [
      33.870662689208984,
      12.497703552246094
    ],
    "epoch_time": [
      0.015477895736694336,
      0.012813329696655273
    ]
  },
  "patience_counter": 0,
  "should_stop": false,
  "lr_history": []
}