{
  "current_epoch": 3,
  "global_step": 15,
  "best_metric": 1.6876084804534912,
  "best_epoch": 2,
  "train_metrics": {
    "loss": [
      1.6474836826324464,
      1.6399391651153565,
      1.6348926544189453
    ],
    "epoch_time": [
      0.012467622756958008,
      0.010756492614746094,
      0.010930776596069336
    ]
  },
  "val_metrics": {
    "loss": [
      1.6949686408042908,
      1.6909979581832886,
      1.6876084804534912
    ],
    "epoch_time": [
      0.0012886524200439453,
      0.0007593631744384766,
      0.0013332366943359375
    ]
  },
  "patience_counter": 0,
  "should_stop": false,
  "lr_history": []
}