{
  "current_epoch": 3,
  "global_step": 15,
  "best_metric": 1.5443124771118164,
  "best_epoch": 2,
  "train_metrics": {
    "loss": [
      1.6241647481918335,
      1.616646409034729,
      1.6096709728240968
    ],
    "epoch_time": [
      0.012247085571289062,
      0.011868000030517578,
      0.01204824447631836
    ]
  },
  "val_metrics": {
    "loss": [
      1.5609112977981567,
      1.5537918210029602,
      1.5443124771118164
    ],
    "epoch_time": [
      0.0012853145599365234,
      0.0012617111206054688,
      0.0013124942779541016
    ]
  },
  "patience_counter": 0,
  "should_stop": false,
  "lr_history": []
}