{
  "current_epoch": 1,
  "global_step": 5,
  "best_metric": Infinity,
  "best_epoch": 0,
  "train_metrics": {
    "recon_loss": [
      1.0018418550491333
    ],
    "vq_loss": [
      0.021058279275894164
    ],
    "loss": [
      1.022900152206421
    ],
    "epoch_time": [
      0.49148035049438477
    ]
  },
  "val_metrics": {},
  "patience_counter": 0,
  "should_stop": false,
  "lr_history": []
}