{
  "current_epoch": 1,
  "global_step": 5,
  "best_metric": Infinity,
  "best_epoch": 0,
  "train_metrics": {
    "recon_loss": [
      1.0024883985519408
    ],
    "vq_loss": [
      0.01635069865733385
    ],
    "loss": [
      1.0188391208648682
    ],
    "epoch_time": [
      0.46474790573120117
    ]
  },
  "val_metrics": {},
  "patience_counter": 0,
  "should_stop": false,
  "lr_history": []
}