{
  "current_epoch": 1,
  "global_step": 5,
  "best_metric": Infinity,
  "best_epoch": 0,
  "train_metrics": {
    "recon_loss": [
      0.9992934584617614
    ],
    "vq_loss": [
      0.01615225989371538
    ],
    "loss": [
      1.0154457092285156
    ],
    "epoch_time": [
      0.42299866676330566
    ]
  },
  "val_metrics": {},
  "patience_counter": 0,
  "should_stop": false,
  "lr_history": []
}