{
  "current_epoch": 100,
  "global_step": 100,
  "best_metric": Infinity,
  "best_epoch": 0,
  "train_metrics": {
    "loss": [
      2.7742295265197754,
      9.071849822998047,
      7.612003803253174,
      3.342974901199341,
      2.7183003425598145,
      2.8218955993652344,
      1.7082138061523438,
      3.3145220279693604,
      3.376086711883545,
      1.744544506072998,
      1.938709020614624,
      1.957834243774414,
      2.1463382244110107,
      2.5908291339874268,
      1.9670501947402954,
      2.2028145790100098,
      1.8529326915740967,
      2.300642251968384,
      2.4275600910186768,
      1.8152551651000977,
      1.8574538230895996,
      2.2796709537506104,
      2.167414903640747,
      2.0998334884643555,
      1.6381258964538574,
      2.9738759994506836,
      1.8438494205474854,
      2.533342123031616,
      1.7593640089035034,
      2.4775390625,
      1.5766656398773193,
      1.6867907047271729,
      2.7290122509002686,
      1.7272522449493408,
      2.6334469318389893,
      1.917682409286499,
      2.319028854370117,
      1.9526758193969727,
      1.6272709369659424,
      2.156519651412964,
      1.716834306716919,
      1.6857428550720215,
      1.656003475189209,
      1.805692434310913,
      2.9212615489959717,
      1.5675697326660156,
      2.163182258605957,
      3.269578218460083,
      1.996970295906067,
      3.505852699279785,
      1.5155417919158936,
      3.7423095703125,
      1.8905556201934814,
      3.540058135986328,
      1.6934788227081299,
      4.339880466461182,
      3.7827162742614746,
      1.735654354095459,
      2.4611315727233887,
      1.8095409870147705,
      2.568154811859131,
      1.4780759811401367,
      1.9775818586349487,
      1.7993888854980469,
      1.8423922061920166,
      1.7130558490753174,
      1.4651401042938232,
      2.1038107872009277,
      1.4662539958953857,
      1.5998542308807373,
      1.9861364364624023,
      1.4763239622116089,
      1.6475939750671387,
      2.2288315296173096,
      1.4613337516784668,
      1.662462830543518,
      2.741690158843994,
      1.4790081977844238,
      1.7454038858413696,
      2.5923397541046143,
      1.4900144338607788,
      2.075875759124756,
      2.422454595565796,
      1.6219727993011475,
      2.467834711074829,
      1.8906404972076416,
      1.7542743682861328,
      2.0608420372009277,
      1.6853792667388916,
      1.645285964012146,
      1.7769081592559814,
      1.7683002948760986,
      1.500171184539795,
      1.6570440530776978,
      2.072627544403076,
      1.4869260787963867,
      1.5490260124206543,
      2.2896854877471924,
      1.5612086057662964,
      1.4790880680084229
    ],
    "d_loss": [
      1.4067288637161255,
      9.071629524230957,
      7.610980033874512,
      3.270852565765381,
      0.1443096101284027,
      0.16394828259944916,
      1.0841180086135864,
      3.2408275604248047,
      3.301500082015991,
      1.206696629524231,
      0.41643020510673523,
      0.4413892328739166,
      1.863906979560852,
      2.43271541595459,
      1.6005746126174927,
      0.5119215846061707,
      0.7720604538917542,
      2.0628254413604736,
      2.2400460243225098,
      0.6949527263641357,
      0.6249297857284546,
      2.054389476776123,
      1.9095039367675781,
      0.36794915795326233,
      0.8536672592163086,
      2.892996311187744,
      1.4839978218078613,
      0.22018633782863617,
      1.3357081413269043,
      2.3387815952301025,
      0.6502411961555481,
      0.47396034002304077,
      2.6357994079589844,
      1.3497129678726196,
      0.19331000745296478,
      1.6576772928237915,
      2.1582231521606445,
      0.34413909912109375,
      1.11903977394104,
      1.968250036239624,
      0.508434534072876,
      1.2753723859786987,
      1.1796504259109497,
      0.43446022272109985,
      2.844738483428955,
      0.9468536376953125,
      0.28836461901664734,
      3.2191877365112305,
      1.7566280364990234,
      0.1421692669391632,
      0.8491066098213196,
      3.712904214859009,
      1.6274499893188477,
      0.12671414017677307,
      0.4287163019180298,
      4.323563575744629,
      3.754652976989746,
      0.39062196016311646,
      0.18579541146755219,
      1.5354206562042236,
      2.466176748275757,
      0.6841201782226562,
      0.2627499997615814,
      1.5229073762893677,
      1.5840051174163818,
      0.3785465359687805,
      0.7200790047645569,
      1.9274709224700928,
      0.6713026165962219,
      0.4566701650619507,
      1.7781610488891602,
      0.82603520154953,
      0.40949270129203796,
      2.0781614780426025,
      0.7111696600914001,
      0.3993764817714691,
      2.6603596210479736,
      0.6960098743438721,
      0.3605731725692749,
      2.497389316558838,
      0.8438698053359985,
      0.2624548077583313,
      2.3039698600769043,
      1.232771873474121,
      0.187445729970932,
      1.64773428440094,
      1.4354186058044434,
      0.2661401033401489,
      1.344980001449585,
      1.2730207443237305,
      0.3629447817802429,
      1.469624400138855,
      0.9369718432426453,
      0.41818273067474365,
      1.890081763267517,
      0.6666973829269409,
      0.5213373899459839,
      2.1514570713043213,
      0.49876871705055237,
      0.6418114304542542
    ],
    "g_loss": [
      1.3675007820129395,
      0.0002200689777964726,
      0.0010236486559733748,
      0.07212244719266891,
      2.573990821838379,
      2.657947301864624,
      0.6240958571434021,
      0.07369442284107208,
      0.07458655536174774,
      0.5378478765487671,
      1.5222787857055664,
      1.5164450407028198,
      0.28243133425712585,
      0.1581137627363205,
      0.36647555232048035,
      1.6908929347991943,
      1.0808722972869873,
      0.23781688511371613,
      0.18751400709152222,
      1.120302438735962,
      1.232524037361145,
      0.2252814769744873,
      0.2579108774662018,
      1.7318843603134155,
      0.7844586968421936,
      0.08087962865829468,
      0.3598516285419464,
      2.3131558895111084,
      0.4236558675765991,
      0.13875746726989746,
      0.926424503326416,
      1.2128303050994873,
      0.09321289509534836,
      0.3775392472743988,
      2.4401369094848633,
      0.26000505685806274,
      0.16080567240715027,
      1.608536720275879,
      0.5082311630249023,
      0.18826954066753387,
      1.208399772644043,
      0.41037052869796753,
      0.47635307908058167,
      1.3712321519851685,
      0.07652300596237183,
      0.6207160949707031,
      1.8748176097869873,
      0.05039037764072418,
      0.24034222960472107,
      3.3636834621429443,
      0.6664352416992188,
      0.0294052641838789,
      0.2631056010723114,
      3.413343906402588,
      1.2647625207901,
      0.01631700061261654,
      0.028063293546438217,
      1.3450324535369873,
      2.275336265563965,
      0.27412039041519165,
      0.10197795182466507,
      0.7939558029174805,
      1.714831829071045,
      0.276481568813324,
      0.25838702917099,
      1.3345093727111816,
      0.7450610399246216,
      0.17633987963199615,
      0.7949514389038086,
      1.1431840658187866,
      0.20797541737556458,
      0.6502887606620789,
      1.2381012439727783,
      0.15067005157470703,
      0.7501640319824219,
      1.2630863189697266,
      0.08133041858673096,
      0.7829983234405518,
      1.3848307132720947,
      0.09495053440332413,
      0.6461446285247803,
      1.8134208917617798,
      0.11848469823598862,
      0.38920095562934875,
      2.2803890705108643,
      0.24290618300437927,
      0.31885576248168945,
      1.7947020530700684,
      0.3403993248939514,
      0.37226518988609314,
      1.4139633178710938,
      0.2986758351325989,
      0.5631993412971497,
      1.238861322402954,
      0.18254566192626953,
      0.8202287554740906,
      1.0276886224746704,
      0.1382284164428711,
      1.0624399185180664,
      0.8372766375541687
    ],