{
  "current_epoch": 1,
  "global_step": 5,
  "best_metric": Infinity,
  "best_epoch": 0,
  "train_metrics": {
    "recon_loss": [
      1.0035647392272948
    ],
    "vq_loss": [
      0.026831906661391257
    ],
    "loss": [
      1.0303966522216796
    ],
    "epoch_time": [
      0.6553072929382324
    ]
  },
  "val_metrics": {},
  "patience_counter": 0,
  "should_stop": false,
  "lr_history": []
}